Page,Job_Title,Company,Salary,Link
0,Werkstudent in der Filiale (m/w/d),Lidl,"12,50 € pro Stunde",https://de.indeed.com/pagead/clk?mo=r&ad=-6NYlbfkN0BeuFwN58-0YtsHx2m4wIB-wa8rDSP1HoweMtEJZpr05K91zHx1YGNmNfb7VXAUQJW9FagMGLK-GGei5ZmpoK22HdirizS6ZZcdYbpw67T_q4xkq-PawEEAGh_3RfJiX_Uaj9BA-ivGRSy4mDskRD_OPKBDOhJ48n95Y0pJsypzn1mucCaw7r-L2Gwl3ztEQMPO875hw5QPQ6ZRKqhZOujmht8kDislTrK1FkRwVfVSzMdp7lHS3JY2-BNpu_hbReaerpLj_P-VZRtaUbXS9lTDc5bxfBPgWhaEf2YO28gMgyOtV0aSetcnfm6OGpX1tNl0OYGR0nFLhtZEpYrrkeO5dgQSJva_r_xSW2j9us_i4Hyrt8MeL75K_Zk4XL2xdCJiWSjkhm3O8Hgkl-IeS2w4YSSADgSSHIDatH1ErqoksHZ0Za4_0EOcuXfibPbzaqPEkCPxj1MrEms47JonQCns4S7VnVloZyH9-QhIcj9jwsmNXE5hDl5odhcHPdWyCxCt1EOipcWVJ710W9deYyf7vskk1mVqILrWxnaWHS0DvX59nwkPjAMEJx9RZ9jIT7ayq3IpZF6ZOtjSqKl-ypUTbR3m4X17KPiXk9OpV4hICywQ-DZi_nDPrdQqH37bk3Lvp4eLlssFYBILrfNsrkjro8SOpO-VTzPicG8Fv7bVpjp7U9VM3XNYFjUOPBCAIIG4xTNhfGPLpU-hi0t_wzGmJj4GBlblXaU3e3Tz9OEJiC2jeb3pp0S_olzwxf9UoBELuZ4qCX5_A0nZhbPCDhAB-E0ORPwzcCQ=&p=0&fvj=0&vjs=3
0,Studentische Hilfskraft / Werkstudent für Software-Test (MA...,VERBI Software GmbH,12 € - 14 € pro Stunde,https://de.indeed.com/pagead/clk?mo=r&ad=-6NYlbfkN0DwSZ4f54kriNoWri6FLMPpMjWarfCuWUCg4ZM56_IGxOlD81x3-YbNmTV6FItvZQzYzTWk7bH4IfaMtcWWcf4HsxWoX2AK7mkg1NdR4AAqkvu0rQKf9vMxvMyrgbfFX2m_EkfBS1DWTFZDVkC5fNBE0-udFyVLj2q4UQdeWSQT0-fc7baNzdaP4uAfEED4-duXp5lbGBDPnxErGGJ6RK51lpSmA2_Ne6GrgFlTtZJwo-c9IJJG77ZwGR2OPh4MRwWt-41Th3iXsPZ9TuKTt2DCaXtYZpINmZ5iKxJEZUai3wU1WSHwtxFFdqMxYn-Rw-pq67YOjvR5nkboJWU2TMP7Nh7WZynJjfN-vFR-KNon5leDC_Xvh6pYn0VL7Mvy5uR_S3BFzdfroINSp8mXxmWPFBtLkcjwSK08TrpNrpRHds1YUTnH1TlK-svBuG9h8ntwgPRdl6-6PZ0PSrx8XsIIU49_Xjhngm5GGcgvaf5n82Yd2RAw5GwXKOB5he1qV7M=&p=1&fvj=1&vjs=3
0,Werkstudent im Finance & Accounting (m/w/d),HeyJobs GmbH,11 € pro Stunde,https://de.indeed.com/pagead/clk?mo=r&ad=-6NYlbfkN0CQL4cji1OiZk4h5-6pWO7-pglhdMV19teVv0I1p7fOlj-9Yr2w5Xa2wr_6ahmdIFMx6YdyewtOwU5YLyJxTtqGyvGDGlJ7zhIRc2LI77jPeJZykMfMubndpgv2z-po4gC5iWeVvhc42QTjy7uX7gLSXcvqGyrP9d5FI6UyQZAPwhNTauG5RacJPS66D6ah0Husqq3c5LH78NA1Dl91ybkDMTs2fPa9-1CU7RW0oQP03rZmQ74ElHa8h8m6MGHJfN9mYwyUaMeKk5O5sCmjOwVaCGkHseUTXRB7oILyFf9TH3osM_rRx6aoS2msdk-PZDOzkEa7b1aZws5P5KpqUo4QyVGh9Q7-1E71SMRNNo9rBpM88TPaLs14Tr8jZBjEpG4gRp8HJvr1DUQEKYIjsDr3JzkNRjFdhMWfukr80rkXpzWitUB0f3hBvCSzIlEozQrXLbq6ks8BLE4-wBpa5BDhcAh7J50TjptzhRZ6J0KtJQSzeHSAbnoGCH4FH3qw5qslbJHckMLSP2c4vNDqQ2nRMjwsoGnAukCCjCdl1cVrSBbWk7qyyYkqOeYWrlDuJNu-NG-_brQ-i5qz3gP5ccdXdszqV7q4ucfgsa3IYUdDNBsF_gIPwmOPvic8tPYPHhwH02ezO1cXdVh31tIF56SUr86qQWJhNXGrFX1JaA5rrHQjbtLRS63LoYel3XCBAd-vXK9QzVWQ2x-XyMKf7TtmoIdj9UHAKE0=&p=2&fvj=0&vjs=3
0,Werkstudent HR (m/f/d),Vimcar,,https://de.indeed.com/pagead/clk?mo=r&ad=-6NYlbfkN0Dok-X6TL7z7cb_KAq1R4qw0Gf1LxK0TJ9cQeCxp5AQ0Q4vEJIySuQGRbq9CU2HiB_6pLHN5KyGyNGWkromu9l3oJ8PwgoR17ST7omMaAZhmroDowMgPaAAIHptjs23KZKnbKXwClTnH2D9igPbEboc5FLl-_nF2NQmgjCPXkI4zEmOdnEjni2y9U3cOPlEbdzil72yAOtnQYP6KrRZnPBPtszBCtwl0wMmKaShboL9TO4ykA7mtjjt2FFNgrjzEaZEXVoG3PYGXg7sLip_XfEMlrr-Hj1ov1GM4yiduTN8ocWiatou0lnGbuFw7_N4yWi6rcyQtWEMM9zo4AXYvNSjNZXGZSUNJTbb_Ql_h2Tb6WZBH9AbEMb7-A34-y81ybzKl46n7KCr-EABUnBhuc9IxwMroIXk3HqHeJ6nnq3p75zT8PmQCnSeHJnMXROHWrk0uqEgiqGgRpbfq713QjZ77mvwevI1h81hKZnZJfGpae5nWWRS9DHz-a02EnfiVIA=&p=3&fvj=0&vjs=3
0,Werkstudent* in der Kostümabteilung,TUI,,https://de.indeed.com/rc/clk?jk=3ec91b1eb27fd509&fccid=8852e4785c7f0abe&vjs=3
0,Werkstudent (m/w/d) Improvement and Quality Data,Bundesdruckerei,,https://de.indeed.com/rc/clk?jk=4be7dec3ee9fb4ab&fccid=46211c742b04bb16&vjs=3
0,Werkstudent*in - Human Resources,Bosch Group,,https://de.indeed.com/rc/clk?jk=35427673bfcf7061&fccid=a2faf1301ac6ad4b&vjs=3
0,Working Student (Werkstudent) - Business Analytics (m/f/x),Audible GmbH,12 € pro Stunde,https://de.indeed.com/rc/clk?jk=761aea3139a05052&fccid=fe2d21eef233e94a&vjs=3
0,Werkstudent Rechtsabteilung (m/w/d),CENTOGENE AG,12 € - 15 € pro Stunde,https://de.indeed.com/rc/clk?jk=9f7b3bb3eb517a29&fccid=d337ff0d10299594&vjs=3
0,Studentische*r Mitarbeiter*in - STUD-HK 03.20.10 CC05 IfR AF...,Charité,"12,50 € pro Stunde",https://de.indeed.com/rc/clk?jk=ccddef8bcc1c6d65&fccid=c99793fcb16a988d&vjs=3
0,Werkstudent/In Erstellung Online-Sprachkurse (Deutsch & Engl...,Sprachheld,10 € - 15 € pro Stunde,https://de.indeed.com/company/Sprachheld/jobs/Werkstudent-Erstellung-Online-Sprachkurse-bdb73c1042536aa0?fccid=b86e914ccf4e3149&vjs=3
0,Werkstudent (m/w/d) im Bereich Operations Management,Volkswagen AG,,https://de.indeed.com/rc/clk?jk=c4c36baa5b5b3b32&fccid=263be8b9afb34d7d&vjs=3
0,Prep Cook (Café) in Teilzeit / Minijob / Werkstudent (w/m/d),Coffee Circle,,https://de.indeed.com/rc/clk?jk=57f3e0e6bd79d242&fccid=3c08822e9e14e3b0&vjs=3
0,Werkstudent (m/w/d) im Bereich Online Marketing B2B,VGL Verlagsgesellschaft mbH | vergleich.org,"10,50 € pro Stunde",https://de.indeed.com/pagead/clk?mo=r&ad=-6NYlbfkN0BtEe7IZbsetcNiqq0sZp_s6oSX8gHylvuJKIDoKV1W7fWzvPWP8c8uxO0g7F_ciiUr4VhFA1o2vcUmD0o1DewP6sR4ywgAfvRB1dn_8sjb_W_-LU36ViesW0Sm7X6_0BGdcpKXHrK-TME7vdklUESetOo8qlxaSuK3NSElfQ8nRu4u3TOgyedYiC-sMFheClqG1Ywi8PQV6oyDRHC93CTE98MTclEFF3liaO14hgPWm10TdWar4u-q7Mrpg40yrWPtOC0U5A_l934m8BLZYywBCcllw6FAZ6iGouC_DBjtyIunQ-8HBMMlLsfXdwXTjR_Ug7xkPIdHEIFB9Eg4ECN75ofEuKxDH-JB3L9uxJKNO_Ub_l62-yZowwtg_NTwrFcdgje0oRiffrecZJepS1Y2EpAbi6r4eWnSuIYQdPh8YeDw8Gkxie-6oo3o4E1Mj5wZBPWTP9fV-cvjFDLuIkaThRwgYw5bRxjm7Ga4gF36Vg==&p=14&fvj=1&vjs=3
0,Werkstudent - Human Resources (m/w/d)*,Snom Technology GmbH,,https://de.indeed.com/pagead/clk?mo=r&ad=-6NYlbfkN0AtD14IFU1iDQHTXGxRO0qdPHxyM6euKqnGXnvTO75ikyd__PRxtlcD63G1st1xhkE5kkyoXs6LUMBK_nFn6IwteanYtsKEmpNn0XbntVKGQ_uefhKR4GYxVpaKgmO2TouLryvAjKHJx6HiieI67QbDBARmO2hQHzpZvd3FnEI2obO9iCYVQSxyl5Og2OxZaJkv9RLT4Gjeq5L-9CJ73e07DWDDK9xZ-CzAypOuCNY5b_uBMoNZuWFkZVAfUR7Fv3oTQ-ZqXexlMu8DCwox_EJqKUJay3MH4XuvcE0vSPh99ac4cVfmv-FT-rwQ00dn312eya0Ex1ielxhsCt0gr1NejBJqglMImd0YZQsgEGgI42iTEcZCMO4g6_2zj2F64NG_FIDGmslLcKo_KMNvpejrwUvxwNiQkqT2XW5vh7eLU5qm73Nn6sg5a7jT9rrUGEKOWpFT8-wvFimKJNa0cKLg&p=15&fvj=1&vjs=3
0,Aushilfe im Backshop (m/w/d) auf geringfügiger Basis oder al...,Harry-Brot GmbH,,https://de.indeed.com/pagead/clk?mo=r&ad=-6NYlbfkN0DbVLWmwqEJZyiA6EAzRQqckN19SldW952rCFpMf6Vt-TAmE5awUHwIRnLE8SAoTkBRCWxd72raDBOt168eO_HjQQnf31E0Rdr8OosS8bqiAzak3dvU8X5IfbLbu2UAHAmvGGL4lfyLM_3flMXcu7C8wwA-bc5Waq1ynuSlv2RVwnEhXNqmAIl4T9tguqgcRHnsDGkpGbkF8bTqMn8YnU4piFMmpNoVMNRLMo3-v0X96gzKGFAb2f6h4hC74fxuDxrhUpYSvlnQYopd1B-Ij1_npDn05GAQXnnvRhbQ2uJHZkn-Hh2tahOSbbDFIH2_8lH1iWGTlEltOmoiHvm6rwInlcuJIVel4H8Z1w68N16iQ9N02HixnEvL8g1lX3n8U6YJ3lCtFwdLlVc_qCG0-qXGM0wWaX9k7bzgDJFSuNg5qStreFu-zUVhY6Ch4RcqmK2TC8yU2-ZddA==&p=16&fvj=0&vjs=3
0,Werkstudent Grafik (m/w/d),PB3C GmbH,,https://de.indeed.com/pagead/clk?mo=r&ad=-6NYlbfkN0CnmESlMd-vFZmsa9fnA2L3bhtFMARowwlXHPOl-8Y_RO_19BtUq9V70NI0jfnMpAZLv4IFUH8e7-scZcwi9QfTNQ71oO8dksnb2LxdgjlegzAZXH5rl_ToGBTTOMdWtvq-ZEQubcZvg-gexoTVJ_2IBw5pYXW5VdB2kZsiTbFv5LaQHC1TC8ly0gOqYx0h5My0PIGB49iyLpVA7RAB9hee7VZ-Jxgst27cy08DZOx3C3YDLANmtvZvpqIS2BmQAdwsBk6mMWfUkUbU_KITnBUMrVyByRSejn6b9a_RG1KgdEnn6YBDJO22FtLyZiG9KMDbLQ33RN7_SCqjMBgnfWXT9TSg3V0r9J2XPw2uDfYDx-5OZhP_zkRHPRmZSeNKkva_r1fA_t6Q1qd7KhqVkrt_yP6gt-S2xRWNOwJNbv_ZWo0vNeavN37_T33VxVGvcPMnEQKt-zk7tgEYSDLD0XF0N0leswhVJGwacjwNx87jGxAjpN6nKQWSr5KnZNtQPQ2eUHEYNdR5kClkvCd30WYrcxluvZ-LSHiorXD60QzD6ltX5zPiznMjhsPxB34aKJkMAp-t-2M5Vr8WMrIvZ13JnGJ5A7u4T9qSEr7DRs19VkNreyE9A-AqzphJvt1FoQ0JWfNuP4bkmyd0vhdRmTLSdGeXF6EXG6--CYjLt6q9uws487pUZ2U6&p=17&fvj=0&vjs=3
0,Werkstudent (m/w/d) im Bereich Online Redaktion in Berlin,VGL Verlagsgesellschaft mbH | vergleich.org,"10,50 € pro Stunde",https://de.indeed.com/pagead/clk?mo=r&ad=-6NYlbfkN0BtEe7IZbsetcNiqq0sZp_s6oSX8gHylvuJKIDoKV1W7fWzvPWP8c8usSajAsXdQUh77z0NmamAu8x654SZmDw83ILJETEM-L0REHhLUqjCznwrVLMh2hWwlPdNBmKrd-RQerp6PnwCdQuGGU6sdduWNFEQJS6CgLlbW_2aKwqVeWFSRf8xjYE5eold6If-Wz7CKPz2iWns4NWxC99ETj0El71rdPIcnzqkc__RAZ1c-_KjAx3layBn3mA4GcvQgJAA7iUWjPp6-T6untafbJ6a2PgFNT7NiMLJaDH6_Le5JMltlJNgCTNjPjJPSEEhWG4Hmmnwx-tB8O1ilsHVk7soCeNkVQvKCJyNrkV_4CEYBApRBz4AtiPndE9UEASEmSsKsdhuqJi1mPapvcGzDrqFbKUhI8cssW_lR5xPtXAjNpDDrIZyvALhWjZWWzISP7ZqLmB4MI4DkNYVkHJrDznsOSZ99iQ_5TQR8H_FyFinSf5qf-UEz41i&p=18&fvj=1&vjs=3
0,Werkstudent (m/w/d),Babylon Vertriebs GmbH,,https://de.indeed.com/pagead/clk?mo=r&ad=-6NYlbfkN0Bq6jk6wOl3d5aakMC3pa-L5Z2-ccydTcCE0ktEaU1CoERhsfFQWe-f8yLCVRwKnM6sMVSrBO2uA1zjsTMl4FOw4pitWfpALJ9_90PjLn1zMK9_DUux_a2RFn8XTUFV8zQTZmouC5FZN6QGETRgStdYbr2NTrdHS-ta7PHHmzr_0CSEEiD18K5RVawE9_W5UV_zl61wURcpqsmrLrRtH3JSjUIlEroWa5EEnxFaW-6ibPNNVi0IPIW3NnkEUjbXGNPv99Vb_Uqrk4UrE0wml7nq9qiB2KvWEF8mnt_kmf4whICO4NgTPh7yIQ4Rmw09cQBfVWkdwmaIlV6MPAeabOL1KHcQrIN6_G59P8_J34I9a-Cbtij-iNv83YV9gyIfizyQzJ3Iz4ed3k9uyhlwn6WIzGod9Gdgw6eapdkmekK2GILCkZaA11sJwu6tSae3bhU=&p=19&fvj=1&vjs=3
1,Werkstudent - Public Relations & Communications (m/w/d),"Sony Europe BV, Germany Branch","13,50 € pro Stunde",https://de.indeed.com/rc/clk?jk=7698a7fa5f2fa865&fccid=59c8e3e7017ea02a&vjs=3
1,Werkstudenten (w/m),Lidl,"12,50 € pro Stunde",https://de.indeed.com/rc/clk?jk=c1a028c5df362e9b&fccid=14b7c83f2c02772e&vjs=3
1,Werkstudent (m/w/d) Datenanalyst,Sparda-Bank Berlin eG,"14,69 € pro Stunde",https://de.indeed.com/rc/clk?jk=8bf14b178acf90f1&fccid=a0280bee75b8b960&vjs=3
1,Werkstudent für Brand & Social Media (m/w/d),Fingerspitzengefühl,,https://de.indeed.com/rc/clk?jk=1e6a6c9f9d0ae3b1&fccid=7313e31f2ba3830e&vjs=3
1,Werkstudent*in Personalwesen und Rekrutierung in Berlin,CHANCEN eG,,https://de.indeed.com/rc/clk?jk=30e578418348faf9&fccid=facdb553e76e7587&vjs=3
1,Werkstudent (m/w/d) Social Media & neue Plattformen,Axel Springer,,https://de.indeed.com/rc/clk?jk=049b08516390762a&fccid=207576419925c2f8&vjs=3
1,Werkstudent Customer Intelligence & Insights*,reBuy reCommerce GmbH,,https://de.indeed.com/rc/clk?jk=350c4e253b7ad3c1&fccid=d519a1d6f9bfd5e2&vjs=3
1,Werkstudent Personalentwicklung/ Recruiting (w/m/x),lekker Energie GmbH,15 € pro Stunde,https://de.indeed.com/rc/clk?jk=19f9981d02c93372&fccid=906571947823c5ea&vjs=3
1,Werkstudent im Verkauf (m/w/d) / 12-20 Stunden - Alte Schönh...,Broke + Schön,,https://de.indeed.com/company/Broke-+-Sch%C3%B6n-Fashion-Store/jobs/Werkstudent-Verkauf-0340951d480e000d?fccid=91715ab7f7e3fd3b&vjs=3
1,Werkstudent (w/m/d) IT Anwenderbetreuung und IT Infrastruktu...,Siemens Mobility GmbH,,https://de.indeed.com/rc/clk?jk=03a2d5e320b98509&fccid=3b89b9ec324f96c8&vjs=3
1,Werkstudent Key Account Management (m/w/d),BFS Finance Münster GmbH,,https://de.indeed.com/pagead/clk?mo=r&ad=-6NYlbfkN0C_IOwqOjj2A_0FHYVTJAwZwAnEqyyWmpNoQ83ZPg85XmDIK6JffqCQlo1Mz-GPGZ50RqJz57KHuDk9GilxIARePHHOEbc7O84uMRXF6AF3VkiStM_F0b6u22qwrtpNbvsi3ctr_FOnr8juz19ri_5H5jVs9g4oAU5Vnb6fxUTfwVGUVEodjNxc1LwIq8EispBds2YgHNvOpVp11-IDgMCcYfDhyfLFTwIemLWnFvJGHG0eGKhkTchxFWCBgsfaK-Y8kOw1ztVLS1tNkh2tz2RdcapcWCnt0mMSfvkOn_uug3Zzvd4VHzNVCcsRXalDNKb1KUyz7IyDvbq0RL7WAbOhRmSg5rkSKXbkDNsoPMwG5_lKkB3es8HBLnVhHudjeAsXWb41KDUtx-Av_69cyrv_GGSZYcuG5ZHvIH6MQup7Ggi0SyH9iULy9MAuCHrq9X676EjcIhwM49oiesq958hd_5_8Bzq_1qnFVq0_KvtJZLk-VZsRi7Ji&p=15&fvj=0&vjs=3
11,Werkstudent im Verkauf / Verkaufshilfe (m/w/d) in Teilzeit B...,Hugo Boss,,https://de.indeed.com/rc/clk?jk=f28ba17f7799a1b8&fccid=d56baf8d322ea311&vjs=3
11,Werkstudent (m/w/d) in HR bei Librileo gemeinnützig,Librileo gUG,,https://de.indeed.com/rc/clk?jk=b8a84638a0b62102&fccid=787d9ae1b6dcfae3&vjs=3
11,Praktikant*innen oder Werkstudent*innen,HOWOGE Wohnungsbaugesellschaft mbH,,https://de.indeed.com/rc/clk?jk=fd215ff7f4822071&fccid=1b7cc36cf82b80ad&vjs=3
11,Werkstudent (m/w/d) Communications,Bundesdruckerei,,https://de.indeed.com/rc/clk?jk=0e088c47b5c78e3c&fccid=46211c742b04bb16&vjs=3
11,Werkstudent*in im Bereich Geo- und Netzinformationen,Vattenfall,,https://de.indeed.com/rc/clk?jk=6b2502c307c40865&fccid=00cf9d7cf01ff0dc&vjs=3
11,Werkstudent(in) “Government Affairs” (m/w/d),Dell,,https://de.indeed.com/rc/clk?jk=5cec5f2efdec9109&fccid=dd09fe3b43125016&vjs=3
11,Werkstudent (d/m/w) Projektmanagement / Projektoffice,VDI/VDE Innovation + Technik GmbH,"12,50 € pro Stunde",https://de.indeed.com/rc/clk?jk=3105badfd0e9e5f1&fccid=43b595b3aed786a3&vjs=3
11,Werkstudent / Praktikant Marktforschung,Delphi Research,1.300 € pro Monat,https://de.indeed.com/rc/clk?jk=f090a128f509c92d&fccid=ee37358eb1deb31b&vjs=3
11,Trainee/Werkstudent (m/w/d),"CGI Group, Inc.",,https://de.indeed.com/rc/clk?jk=f007b4e3a7e42fc3&fccid=d2841a5c0380b93d&vjs=3
11,Werkstudent/ -in Architektur,ARCUS Planung + Beratung Bauplanungsgesellschaft m...,,https://de.indeed.com/rc/clk?jk=d404efc6d7017ce8&fccid=24d7612ad8921c90&vjs=3
21,Werkstudent/In Online-Sprachschule Sprachen/Lehramt/Germanis...,Sprachheld,10 € - 15 € pro Stunde,https://de.indeed.com/company/Sprachheld/jobs/Werkstudent-Online-Sprachschule-Sprachen-Lehramt-Germanistik-Linguistik-029fad115cf8e317?fccid=b86e914ccf4e3149&vjs=3
21,Werkstudent Geodatenbank,WirliebenKabel GmbH,,https://de.indeed.com/company/WirliebenKabel-GmbH/jobs/Werkstudent-Geodatenbank-2ed8ea719517f9dd?fccid=da62107721ff61cb&vjs=3
21,Werkstudent Frontend Developer (m/w/d),Vogel Corporate Media,"12,50 € pro Stunde",https://de.indeed.com/company/Vogel-Business-Media-Berlin/jobs/Werkstudent-Frontend-Developer-258042e4f09d5039?fccid=8b3abd991fc01a2b&vjs=3
21,Business Development - Werkstudent,Matchmade,,https://de.indeed.com/rc/clk?jk=8f0e773a2fbe6645&fccid=e722661bda80853e&vjs=3
21,Werkstudent / Studentische Aushilfe Online-Redaktion (m/w/d)...,Axel Springer,,https://de.indeed.com/rc/clk?jk=f36493e71d033b4d&fccid=207576419925c2f8&vjs=3
21,Werkstudent (d/m/w) im Bereich Bildung und Wissenschaft,VDI/VDE Innovation + Technik GmbH,"12,50 € pro Stunde",https://de.indeed.com/rc/clk?jk=96ca937f3db6550f&fccid=43b595b3aed786a3&vjs=3
21,Werkstudent (w/m/x) News bei watson.de,Ströer SE & Co. KGaA,,https://de.indeed.com/rc/clk?jk=aefc33ee08c15785&fccid=4dccbbc0d0538e50&vjs=3
21,Werkstudent (m/w/d) für Content-Management,BP Mediawork GmbH,14 € pro Stunde,https://de.indeed.com/company/BP-Mediawork-GmbH/jobs/Werkstudent-Content-Management-8bc273ada45641cc?fccid=0ddc0a7a004070c0&vjs=3
21,Gym Front Desk Staff (Working Student),BEAT81,,https://de.indeed.com/company/BEAT81/jobs/Gym-Front-Desk-Staff-957386975e00d266?fccid=1c021317252961c3&vjs=3
21,Werkstudent Projektmanagement (m/w/d),BIOTRONIK,,https://de.indeed.com/rc/clk?jk=48cc46377961701f&fccid=b8074b8025c787a5&vjs=3
31,"Werkstudent*in im Bereich Digitales, Kommunikation und Event...",gut.org gAG,,https://de.indeed.com/rc/clk?jk=234462606f7eb9de&fccid=74b8c42908285c3a&vjs=3
31,Produktion - Werkstudent (m/w/d),Labmaker UG,,https://de.indeed.com/company/LabMaker-UG/jobs/Produktion-212fa0d66a74e422?fccid=6d8aaf7e85770576&vjs=3
31,Working Student Logistic (f/m/d) 20 hours/ week,Weber-Stephen-Deutschland GmbH,13 € pro Stunde,https://de.indeed.com/company/Weber--Stephen--Deutschland-GmbH/jobs/Working-Student-Logistic-Hours-04bf005021d61e67?fccid=815e0b98e9ca2941&vjs=3
31,Werkstudent im Social Media & Influencer Marketing (w/m/d),Gymondo GmbH,,https://de.indeed.com/company/Gymondo-GmbH/jobs/Werkstudent-Social-Media-Influencer-Marketing-e3bf1fe3a59a6442?fccid=45b7592c29707cf6&vjs=3
31,Werkstudent (m/w/d) im Bereich Social Media,MAGIX Software GmbH,10 € - 12 € pro Stunde,https://de.indeed.com/company/MAGIX-Software-GmbH/jobs/Werkstudent-Social-Media-467ed6a72d30b488?fccid=a814be385c3058ba&vjs=3
31,Werkstudenten als Produktionshelfer (m/w/d),Mail Box Direkt-Marketing Service GmbH,,https://de.indeed.com/company/Mail-Box-Direkt--Marketing-Service-GmbH/jobs/Werkstudenten-Produktionshelfer-53216d061c3ab923?fccid=0077b491bf46d43a&vjs=3
31,Praktikant oder Werkstudent Steuerberatung (m/w/d) - Berlin,Mazars GmbH & Co. KG,,https://de.indeed.com/rc/clk?jk=e7c23a24102b1b0f&fccid=72ce849590b22588&vjs=3
31,"Werkstudent (m/w/d) Engineering, befristet bis 31.03.2021",Coca-Cola European Partners,,https://de.indeed.com/rc/clk?jk=19566b9c7313b570&fccid=deff4b327fcb9d1c&vjs=3
31,Werkstudent Production Engineering (m/w/d),BIOTRONIK,,https://de.indeed.com/rc/clk?jk=5df89d0a44ca116d&fccid=b8074b8025c787a5&vjs=3
31,Werkstudent Produktionshelfer Handschriftautomation (m/w),Wunderpen GmbH,,https://de.indeed.com/rc/clk?jk=d33c153562bee901&fccid=6ce0f9a615286698&vjs=3
41,Finance & Admin Werkstudent(in),machtfit GmbH,,https://de.indeed.com/company/machtfit-GmbH/jobs/Finance-Admin-Werkstudent-ac1772493bb29917?fccid=c214bd05fa183051&vjs=3
41,Werkstudent (m/w/d) Requirement Engineering,Bundesdruckerei,,https://de.indeed.com/rc/clk?jk=12dd58752add77b2&fccid=46211c742b04bb16&vjs=3
41,Werkstudent (m/w/d) digitale Heizungstechnik,KUGU Home GmbH,,https://de.indeed.com/rc/clk?jk=86faad08f98ef6df&fccid=9c0aa057dc4ff749&vjs=3
41,Werkstudent/in Finance (M/W/X),AJ&Smart,,https://de.indeed.com/rc/clk?jk=179e146c0ed5401a&fccid=adb93ff395374f9a&vjs=3
41,Werkstudent (m/w/d) Strategy & Planning,Bundesdruckerei,,https://de.indeed.com/rc/clk?jk=b4de43bb4dc5c0ba&fccid=46211c742b04bb16&vjs=3
41,Werkstudent im Verkauf / Verkaufshilfe (m/w/d) 450-Euro-Basi...,Hugo Boss,,https://de.indeed.com/rc/clk?jk=1f4e3a9082106b8b&fccid=d56baf8d322ea311&vjs=3
41,Praktikant (m/w/d) im Bereich Marketing,SNAZZ UG,900 € - 1.200 € pro Monat,https://de.indeed.com/company/SNAZZ-UG/jobs/Praktikant-Marketing-0e14a7843c92acfd?fccid=542fc46165cc0dae&vjs=3
41,Werkstudent (m/w/d) - Datenbankpflege,VGL Verlagsgesellschaft,,https://de.indeed.com/rc/clk?jk=475ecb217f2a0d6e&fccid=8a4e912a8d81c93c&vjs=3
41,AUSHILFE | WERKSTUDENT GESUCHT für Ladengeschäft und Social...,TIMESTUFF Store Berlin,,https://de.indeed.com/company/Shorney-Trade-UG/jobs/Aushilfe-Werkstudent-Ladengesch%C3%A4ft-Social-Media-Content-7644969766820e6d?fccid=e525d8256cb9bc4e&vjs=3
41,Werkstudent Marketing (m/w/d),PLT - Planung für Logistik und Transport GmbH,,https://de.indeed.com/company/PLT---Planung-f%C3%BCr-Logistik-und-Transport-GmbH/jobs/Werkstudent-Marketing-55e5ff7a4a775ff5?fccid=edc7163cd23eaf32&vjs=3
51,Werkstudent (m/w/d) im Bereich Einkauf,Diehl Metall,,https://de.indeed.com/rc/clk?jk=2d60a8e48b680b81&fccid=a2f9e22ff406275b&vjs=3
51,Werkstudent HR (m/w/d),Medicover GmbH,,https://de.indeed.com/rc/clk?jk=23a32bbacf87adad&fccid=136a701c963df375&vjs=3
51,"Werkstudent* – Strategy, Sustainability & Projects",IAV GmbH,,https://de.indeed.com/rc/clk?jk=682f2b96116e7380&fccid=cac33da882733958&vjs=3
51,Werkstudent (w/m/d) technische Betreuung Forecast-Tool im Bu...,Siemens AG,,https://de.indeed.com/rc/clk?jk=1a6189f6cafe2598&fccid=3b89b9ec324f96c8&vjs=3
51,Studentische/n Mitarbeiter/in für psychologische Praxis,Gerhard Hennig,,https://de.indeed.com/rc/clk?jk=5c6da06dd375b970&fccid=174bba16d68c4de3&vjs=3
51,Werkstudent (m/w/d) Produkt- & Social Media Management,Musicstarter GmbH & Co. KG,,https://de.indeed.com/company/Musicstarter-GmbH-&-Co.-KG/jobs/Werkstudent-Produkt-6f8e7c71e5317131?fccid=d0ab76bedb40c293&vjs=3
51,Werkstudent Analitycal,"Sony Europe BV, Germany Branch",,https://de.indeed.com/rc/clk?jk=06607a3b4716b3dd&fccid=59c8e3e7017ea02a&vjs=3
51,Werkstudent Produktion (m/w/d),Bausch Health,,https://de.indeed.com/rc/clk?jk=b2800c12daf80977&fccid=3c63078511526fb9&vjs=3
51,Werkstudent (m/w/d) - 15-20h Stunden pro Woche,ALSTOM,,https://de.indeed.com/rc/clk?jk=5357756ebad2ebec&fccid=70bbeb2771f8c8e7&vjs=3
61,Werkstudent: Frontend Entwickler*in,Clear Canvas,15 € - 18 € pro Stunde,https://de.indeed.com/company/Clear-Canvas/jobs/Werkstudent-65de5442bc38a7f3?fccid=d90fad8bc2bb9c42&vjs=3
61,Werkstudent Engineering bei Berliner Energieeffizienz Startu...,perto GmbH,12 € pro Stunde,https://de.indeed.com/company/perto-GmbH/jobs/Werkstudent-Engineering-Berliner-Energieeffizienz-Startup-a3be791e15295df7?fccid=debef43356d7bf70&vjs=3
61,Marketing Werkstudent (m/w/d),NXT Pharma,,https://de.indeed.com/rc/clk?jk=f92ebb742df329cb&fccid=6605a4ea47a69966&vjs=3
61,Werkstudent*in Lager & Sortierung (m/w/div.),SIRPLUS GmbH,,https://de.indeed.com/rc/clk?jk=f45d84c3f65741fc&fccid=5d8794b15d083e0a&vjs=3
61,Werkstudent Produktion (m/w/d),Bausch + Lomb,,https://de.indeed.com/rc/clk?jk=079054a496985694&fccid=fe2257615884b620&vjs=3
61,Werkstudent - Testlabor Elektromobilität (m/w/divers),Continental,,https://de.indeed.com/rc/clk?jk=da0cb30688784906&fccid=12aa2da60fa1c62f&vjs=3
61,Werkstudent - Online Marketing (m/w/d) - Berlin,Zipjet Global Services GmbH,,https://de.indeed.com/rc/clk?jk=e7d27d480d7e9538&fccid=a9ab72cb9e435de5&vjs=3
61,Werkstudent (m/w/d) Testautomatisierung,Bundesdruckerei,,https://de.indeed.com/rc/clk?jk=c396ed3af693e037&fccid=46211c742b04bb16&vjs=3
61,Werkstudent Content Project Management *,myToys.de,,https://de.indeed.com/rc/clk?jk=9294b85788a1649e&fccid=007a56649baa78fd&vjs=3
61,Werkstudent (m/w/d) IT Support,Bundesdruckerei,,https://de.indeed.com/rc/clk?jk=79e3c656e83ca25d&fccid=46211c742b04bb16&vjs=3
71,Werkstudent (w/m/d) im Marketing,good healthcare group,,https://de.indeed.com/rc/clk?jk=121037bb0d32dcb5&fccid=c095adc627049708&vjs=3
71,Werkstudent (m/w/d) Human Resources,cormes GmbH,,https://de.indeed.com/company/cormes-GmbH/jobs/Werkstudent-Human-Resources-be2a1128c9457476?fccid=2d8852c03e262a58&vjs=3
71,Werkstudent (m/w/d) Softwareentwicklung Java / Javascript,HSH Soft- und Hardware Vertriebs GmbH,15 € - 20 € pro Stunde,https://de.indeed.com/rc/clk?jk=d49f786927714f81&fccid=3bb63aaf4323b141&vjs=3
71,Werkstudent als Assistenz (m/w/x) der Geschäftsleitung (Mast...,Vape Dinner Lady Deutschland - MINDO GmbH,,https://de.indeed.com/company/MINDO-GmbH/jobs/Werkstudent-Assistenz-d94acb8d0a0ce56b?fccid=a63628920be685db&vjs=3
71,Werkstudent (m/w/d) Accounting & Controlling,kloeckner.i GmbH,,https://de.indeed.com/company/kloeckner.i-GmbH/jobs/Werkstudent-Accounting-Controlling-945c80ce0a1a4c1d?fccid=27ca402a8d50ca3d&vjs=3
71,Werkstudent (m/w/d) Datenmanagement,i-contravel,,https://de.indeed.com/rc/clk?jk=4c2c91221fed6486&fccid=4a7ebbe7cf339f1c&vjs=3
71,Werkstudent/in Versand / Logistik (Games Bereich) (m/w/d),Konsolenkost GmbH,,https://de.indeed.com/company/Konsolenkost-GmbH/jobs/Werkstudent-Versand-aa9c1dcb880d2710?fccid=eb5fa987e0ff410c&vjs=3
71,Werkstudent (m/w/d) Öffentlichkeitsarbeit,Bundeszuwanderungs- und Integrationsrat (BZI),11 € pro Stunde,https://de.indeed.com/rc/clk?jk=894ba8cafe4a876f&fccid=40237d8d638f1dd2&vjs=3
71,Werkstudent (w/m/d) im Test Center,Siemens Mobility GmbH,,https://de.indeed.com/rc/clk?jk=44af4c72ce85dbd5&fccid=3b89b9ec324f96c8&vjs=3
71,Werkstudent 3D Artist / Motion Designer / Animation,iXtenda Gmbh,,https://de.indeed.com/company/iXtenda-Gmbh/jobs/Werkstudent-Artist-9e951a896a76b202?fccid=bf5455de2e3d1dbc&vjs=3
81,Werkstudent (d/m/w) Einkauf,VDI/VDE Innovation + Technik GmbH,"12,50 € pro Stunde",https://de.indeed.com/rc/clk?jk=f19c925f7226a535&fccid=43b595b3aed786a3&vjs=3
81,Werkstudent (w/m/d) Personal / Human Resources,KPMG,,https://de.indeed.com/rc/clk?jk=adab33e8d12c54e4&fccid=2dd390c3a48a7ed0&vjs=3
81,Werkstudenten (m/w/d) für Testing,BP Mediawork GmbH,14 € - 16 € pro Stunde,https://de.indeed.com/company/BP-Mediawork-GmbH/jobs/Werkstudenten-Testing-77ac0d4b9db8df18?fccid=0ddc0a7a004070c0&vjs=3
81,Werkstudent im Verkauf (m/w/d) für Berlin Köpenick,ALDI Nord,,https://de.indeed.com/rc/clk?jk=400055b874a66aec&fccid=85bef38d6fd939d5&vjs=3
81,Werkstudent (m/w/d) Projektmanagement,Aroundhome,,https://de.indeed.com/company/Aroundhome/jobs/Werkstudent-Projektmanagement-5df1df189d608c3f?fccid=2b8cb8a894459867&vjs=3
81,Werkstudent (w/m/d) Computer Vision and Machine Learning,Siemens Mobility GmbH,,https://de.indeed.com/rc/clk?jk=043d0581aef2eea6&fccid=3b89b9ec324f96c8&vjs=3
81,Werkstudent Steuerberatung und Wirtschaftsprüfung,DHPG Dr. Harzem & Partner,,https://de.indeed.com/rc/clk?jk=7cd2629bffb352cc&fccid=54a61d07e8bfd595&vjs=3
81,Werkstudent Quality Assurance (w/m/d),Exozet Berlin,,https://de.indeed.com/rc/clk?jk=31805c6de5d95b1e&fccid=225abaa063a5f9ed&vjs=3
81,Werkstudent in der Agilen Projekteinheit,dkb,,https://de.indeed.com/rc/clk?jk=162b40efc1197547&fccid=138ed6c4e3429aa0&vjs=3
81,Werkstudent Office Management (m/w/d),Digital Career Institute,,https://de.indeed.com/rc/clk?jk=c89516526dc737a5&fccid=2704657ce6ba2a16&vjs=3
91,Werkstudent (m/w/divers) in der Hardwareentwicklung,OTIS GmbH & Co. OHG,,https://de.indeed.com/rc/clk?jk=591ad9b7f8c443b8&fccid=093e642d162aaa36&vjs=3
91,Werkstudent/in (m/w/d) Human Resources,KFW,,https://de.indeed.com/rc/clk?jk=49ee8fe2aa4b94c9&fccid=5b79b5c4c2fc5c09&vjs=3
91,Werkstudent Copywriter / Content Creator (m/w/d),adviqo GmbH,,https://de.indeed.com/company/adviqo/jobs/Werkstudent-Copywriter-f159d1cd8a9f3176?fccid=7ec7df4fb0a5e0b6&vjs=3
91,Werkstudent*in (m/w/d) im Office & HR Management,DrSmile,,https://de.indeed.com/rc/clk?jk=f5923d8203d6d011&fccid=85b49689d560bd4b&vjs=3
91,Werkstudent/in Jurist,Bitwala,,https://de.indeed.com/rc/clk?jk=be442f48c7e532bd&fccid=f836dc8b18d60416&vjs=3
91,Studentische*r Mitarbeiter*in - STUD-HK 03.20.04 CC12 IMD,Charité,"12,50 € pro Stunde",https://de.indeed.com/rc/clk?jk=168da87d2f5b775b&fccid=c99793fcb16a988d&vjs=3
91,Werkstudent (d/m/w) Infrastrukturelles Facility Management,VDI/VDE Innovation + Technik GmbH,"12,50 € pro Stunde",https://de.indeed.com/rc/clk?jk=bbfa407056b3391b&fccid=43b595b3aed786a3&vjs=3
91,Werkstudent (m/w/d),PROGEDO GmbH & Co. KG,12 € pro Stunde,https://de.indeed.com/company/PROGEDO-GmbH-&-Co.-KG/jobs/Werkstudent-0a77eea595232f33?fccid=490d1d8d99fd75cd&vjs=3
91,Werkstudent (m/w/d) im Bereich Projektmanagement,B&O Service und Messtechnik AG,,https://de.indeed.com/rc/clk?jk=a3438073f6453ec2&fccid=73e5f514f0fb0e16&vjs=3
91,Werkstudent fÃ¼r den Bereich QualitÃ¤tsmanagement (m/w/d),Malteser-Krankenhaus,,https://de.indeed.com/rc/clk?jk=0b33800ebbbd07a6&fccid=65a0cf5c369b72db&vjs=3
101,Werkstudent*in (m/w/d) im juristischen Bereich,Cornelsen,,https://de.indeed.com/rc/clk?jk=0a32199fd0c7e731&fccid=4fb2bba600f384e0&vjs=3
101,Werkstudent Berichtsanalyst (m/w/d),Sparda-Bank Berlin eG,"14,69 € pro Stunde",https://de.indeed.com/rc/clk?jk=9683e0b76e7a935b&fccid=a0280bee75b8b960&vjs=3
101,Werkstudent (m/w/x) Redaktion kino.de,Ströer SE & Co. KGaA,,https://de.indeed.com/rc/clk?jk=136ec241abc4680a&fccid=4dccbbc0d0538e50&vjs=3
101,Werkstudent im Bereich Technik (m/w/d),Bayer,,https://de.indeed.com/rc/clk?jk=46eca7c39a4c60e5&fccid=e08122e0e993cc32&vjs=3
101,Werkstudent AML-Compliance,dkb,,https://de.indeed.com/rc/clk?jk=78a2379fc273db11&fccid=138ed6c4e3429aa0&vjs=3
101,Werkstudent Online Marketing,bonify,13 € pro Stunde,https://de.indeed.com/rc/clk?jk=32f7149d03d48213&fccid=86725187466eac5f&vjs=3
101,Werkstudent Marketing (m/w/d),Axel Springer,,https://de.indeed.com/rc/clk?jk=0fedf0d11d9f5f72&fccid=207576419925c2f8&vjs=3
101,Werkstudent (m/w/d) Sales Profis,CHECK24 Vergleichsportal Profis GmbH,,https://de.indeed.com/company/CHECK24-Vergleichsportal-Profis-GmbH/jobs/Werkstudent-Sales-Profis-c0711317d90064d6?fccid=c3c3c80df6a7834e&vjs=3
101,Human Resources Werkstudent (m/w/d),GE Power Portfolio,,https://de.indeed.com/rc/clk?jk=a220262c8126ef21&fccid=48b89ab32d3807e1&vjs=3
101,Trainee Einkauf (m/w/d),HELIOS Kliniken GmbH,3.500 € pro Monat,https://de.indeed.com/rc/clk?jk=60e75d460e6f828b&fccid=51a0139fdd084a2e&vjs=3
111,WERKSTUDENT*IN / PRAKTIKANT*IN,Art-Invest Real Estate Management GmbH,,https://de.indeed.com/rc/clk?jk=248de635c9e7149d&fccid=2062d5bfe0db33d4&vjs=3
111,Werkstudent (m/w/d) Customer Excellence,Care Companion GmbH,,https://de.indeed.com/rc/clk?jk=664e0dae6eac33aa&fccid=77a6c30766de699c&vjs=3
111,Werkstudent (m/w/d) Marketing,Melitta,,https://de.indeed.com/rc/clk?jk=265ef76c32988c53&fccid=d3cdf77044b09f79&vjs=3
111,Werkstudent (m/w/d) Partnermanagement Möbel,CHECK24 Vergleichsportal Möbel GmbH,,https://de.indeed.com/company/Check24-Vergleichsportal-M%C3%B6bel-GmbH/jobs/Werkstudent-Partnermanagement-M%C3%B6bel-9dba5c2d8245e270?fccid=f5f4dacfe32437f3&vjs=3
111,Werkstudent Social Media Management,Bosque GmbH,11 € pro Stunde,https://de.indeed.com/rc/clk?jk=db7bbfbd787ad6e4&fccid=42e16b72fc3d436f&vjs=3
111,Werkstudent Validierung (m/w/d),BIOTRONIK,,https://de.indeed.com/rc/clk?jk=0e9e2594fe63b89d&fccid=b8074b8025c787a5&vjs=3
111,Werkstudent (m/w/d) im Bereich leistungselektronische System...,Maschinenfabrik Reinhausen GmbH,,https://de.indeed.com/rc/clk?jk=42d6f562f80b4766&fccid=17002ba4374f9a68&vjs=3
111,Werkstudent / Studentische Aushilfe (m/w/d) Editorial Design,Axel Springer,13 € pro Stunde,https://de.indeed.com/rc/clk?jk=f7a4dee0e59c4bdf&fccid=207576419925c2f8&vjs=3
111,Werkstudent (m/w/d) Data Science,Bundesdruckerei,,https://de.indeed.com/rc/clk?jk=77c0e113fe77f1c7&fccid=46211c742b04bb16&vjs=3
111,Talent Acquisition Werkstudent(in) (m/f/d),Project A Ventures,,https://de.indeed.com/rc/clk?jk=b917ec79c3585e0c&fccid=a1cb3c12346f9ff3&vjs=3
121,Werkstudent (m/w/d) im Bereich Logistik,Diehl Metall,,https://de.indeed.com/rc/clk?jk=51785aaf592530f4&fccid=a2f9e22ff406275b&vjs=3
121,Buchhaltung / Finanzen Werkstudent (m/w/d),November - Everlife GmbH,,https://de.indeed.com/company/November---Everlife-GmbH/jobs/Buchhaltung-93de7fb2c901350f?fccid=9299821987f95cb9&vjs=3
121,Werkstudent*in (m/w/d) im Recruiting,DrSmile,,https://de.indeed.com/rc/clk?jk=c28bf90a3d7d61b1&fccid=85b49689d560bd4b&vjs=3
121,Werkstudent (m/w/d) Vertrieb,BIM Berliner Immobilienmanagement GmbH,,https://de.indeed.com/rc/clk?jk=38a435836210106a&fccid=2c92b8c5cda4b22b&vjs=3
121,Junior Social Media Manager in Teilzeit/Werkstudent (m/w/d),Zeit für Brot Holding GmbH,,https://de.indeed.com/rc/clk?jk=7f281a826a9e3eb5&fccid=0f9073bc5cb9d1f3&vjs=3
121,Praktikant / Werkstudent (m/w/d) Projektmanagement Hochbau,Drees & Sommer,,https://de.indeed.com/rc/clk?jk=d4feaa3efe3f1011&fccid=87b4be415e8a88ae&vjs=3
121,Werkstudent Stammdatenpflege (m/w/d),Audi Berlin GmbH,,https://de.indeed.com/rc/clk?jk=50652dd22a648786&fccid=da2a09046e7b2b80&vjs=3
121,Werkstudent HR Management,dkb,,https://de.indeed.com/rc/clk?jk=490e07ac894f5ad3&fccid=138ed6c4e3429aa0&vjs=3
121,Werkstudent (m/w/d) Human Resources,LYNX B.V. Germany Branch,,https://de.indeed.com/rc/clk?jk=16273c9b4cd31f39&fccid=60c01029b3739e4b&vjs=3
121,Werkstudent / Minijobber (m/w/d) - Online Redaktion,VGL Verlagsgesellschaft,,https://de.indeed.com/rc/clk?jk=356c1df4f3dce186&fccid=8a4e912a8d81c93c&vjs=3
